latitude,longitude,room_type,price,minimum_nights,number_of_reviews,reviews_per_month,calculated_host_listings_count,availability_365
40.64749,-73.97237,Private room,149,1,9,0.21,6,365
40.75362,-73.98377,Entire home/apt,225,1,45,0.38,2,355
40.80902,-73.9419,Private room,150,3,0,,1,365
40.68514,-73.95976,Entire home/apt,89,1,270,4.64,1,194
40.79851,-73.94399,Entire home/apt,80,10,9,0.1,1,0
40.74767,-73.975,Entire home/apt,200,3,74,0.59,1,129
40.68688,-73.95596,Private room,60,45,49,0.4,1,0
40.76489,-73.98493,Private room,79,2,430,3.47,1,220
40.80178,-73.96723,Private room,79,2,118,0.99,1,0
40.71344,-73.99037,Entire home/apt,150,1,160,1.33,4,188
40.80316,-73.96545,Entire home/apt,135,5,53,0.43,1,6
40.76076,-73.98867,Private room,85,2,188,1.5,1,39
40.66829,-73.98779,Private room,89,4,167,1.34,3,314
40.79826,-73.96113,Private room,85,2,113,0.91,1,333
40.7353,-74.00525,Entire home/apt,120,90,27,0.22,1,0
40.70837,-73.95352,Entire home/apt,140,2,148,1.2,1,46
40.69169,-73.97185,Entire home/apt,215,2,198,1.72,1,321
40.74192,-73.99501,Private room,140,1,260,2.12,1,12
40.67592,-73.94694,Entire home/apt,99,3,53,4.44,1,21
40.79685,-73.94872,Entire home/apt,190,7,0,,2,249
40.71842,-73.95718,Entire home/apt,299,3,9,0.07,1,0
40.68069,-73.97706,Private room,130,2,130,1.09,6,347
40.67989,-73.97798,Private room,80,1,39,0.37,6,364
40.68001,-73.97865,Private room,110,2,71,0.61,6,304
40.68371,-73.94028,Entire home/apt,120,2,88,0.73,2,233
40.65599,-73.97519,Private room,60,1,19,1.37,2,85
40.86754,-73.92639,Private room,80,4,0,,1,0
40.76715,-73.98533,Entire home/apt,150,10,58,0.49,1,75
40.86482,-73.92106,Private room,44,3,108,1.11,3,311
40.7292,-73.98542,Entire home/apt,180,14,29,0.24,1,67
40.82245,-73.95104,Private room,50,3,242,2.04,3,355
40.81305,-73.95466,Private room,52,2,88,1.42,1,255
40.72219,-73.93762,Private room,55,4,197,1.65,3,284
40.8213,-73.95318,Private room,50,3,273,2.37,3,359
40.6831,-73.95473,Private room,70,1,74,0.66,2,269
40.66869,-73.9878,Private room,89,4,168,1.41,3,340
40.68876,-73.94312,Private room,35,60,0,,1,365
40.70186,-73.92745,Entire home/apt,85,2,231,1.96,2,22
40.63702,-73.96327,Private room,150,1,0,,1,365
40.71401,-73.98917,Shared room,40,1,214,1.81,4,188
40.7229,-73.98199,Private room,68,2,245,2.08,2,96
40.66278,-73.97966,Entire home/apt,120,3,15,0.39,1,345
40.69673,-73.97584,Private room,120,7,25,0.23,1,311
40.79009,-73.97927,Private room,135,4,81,0.69,1,273
40.81175,-73.94478,Entire home/apt,150,7,97,0.84,1,309
40.65944,-73.96238,Entire home/apt,150,29,11,0.49,1,95
40.74771,-73.9474,Private room,130,3,248,2.25,1,215
40.68111,-73.95591,Entire home/apt,110,7,61,0.52,1,265
40.68554,-73.9409,Entire home/apt,115,3,11,0.1,1,0
40.69142,-73.97376,Private room,80,3,135,1.16,2,192
40.68043,-73.93934,Private room,80,1,112,1.01,3,251
40.78635,-73.97008,Entire home/apt,151,2,73,0.63,1,302
40.7042,-73.9356,Entire home/apt,228,3,82,0.7,1,140
40.73506,-73.95392,Entire home/apt,144,2,328,2.82,1,234
40.73961,-73.98074,Entire home/apt,200,7,19,0.22,1,257
40.70881,-73.9593,Entire home/apt,150,30,105,0.9,1,30
40.72004,-73.99104,Private room,110,5,19,0.17,1,301
40.75531,-73.99293,Private room,69,2,289,2.49,2,294
40.72401,-73.93788,Private room,49,4,138,1.19,3,320
40.7221,-73.99775,Entire home/apt,180,30,21,0.3,1,154
40.71185,-73.96204,Private room,80,2,42,0.38,1,263
40.74623,-73.9953,Entire home/apt,375,180,5,0.12,1,180
40.77065,-73.95269,Entire home/apt,250,2,66,0.57,2,231
40.67811,-73.96428,Entire home/apt,200,30,143,1.33,2,297
40.69,-73.96788,Private room,55,7,27,0.23,2,292
40.75979,-73.99119,Private room,52,30,191,1.65,1,191
40.67343,-73.98338,Entire home/apt,225,3,4,0.16,1,0
40.72649,-73.97904,Private room,80,1,338,4.72,2,72
40.70933,-73.96792,Entire home/apt,275,1,148,1.4,1,362
40.72298,-73.98474,Private room,99,1,106,1.26,2,336
40.80164,-73.93922,Entire home/apt,225,4,190,1.64,1,215
40.72162,-73.98008,Entire home/apt,230,9,49,0.43,1,116
40.76342,-73.98865,Private room,51,7,23,0.43,1,88
40.83139,-73.94095,Private room,65,2,49,1.6,2,336
40.68346,-73.96374,Private room,105,2,105,0.92,1,304
40.72828,-73.98801,Entire home/apt,190,5,21,0.2,1,224
40.76865,-73.95058,Private room,200,1,142,1.5,1,322
40.75038,-73.90334,Private room,70,30,25,0.22,1,324
40.6932,-73.97267,Private room,95,3,143,1.28,1,132
40.74138,-74.00197,Private room,150,3,167,1.65,1,295
40.71154,-73.96112,Private room,145,3,61,0.54,4,238
40.82915,-73.95136,Entire home/apt,110,31,54,0.49,1,209
40.71851,-73.98892,Entire home/apt,285,5,70,0.62,1,328
40.65401,-73.96323,Entire home/apt,130,6,16,0.15,1,38
40.7114,-73.98794,Private room,94,30,94,0.84,1,188
40.69723,-73.99268,Entire home/apt,800,1,25,0.24,1,7
40.71833,-73.95748,Entire home/apt,105,3,61,0.53,1,272
40.72334,-73.9844,Private room,60,3,194,1.73,1,26
40.72912,-73.98057,Private room,50,1,2,0.05,1,0
40.71156,-73.96218,Private room,85,3,174,1.54,4,288
40.70032,-73.9383,Private room,65,4,24,0.28,1,317
40.68233,-73.97261,Entire home/apt,131,4,166,3.4,1,207
40.68634,-73.966,Private room,98,7,16,0.2,6,185
40.68035,-73.97162,Entire home/apt,250,7,21,0.3,1,158
40.70984,-73.95775,Entire home/apt,100,5,168,1.57,1,0
40.70093,-73.92609,Entire home/apt,105,3,118,1.05,2,9
40.79764,-73.96177,Entire home/apt,140,3,81,0.71,1,198
40.82803,-73.94731,Private room,89,1,1,0.11,1,365
40.74008,-74.00271,Private room,98,30,30,0.27,2,364
40.68413,-73.92357,Entire home/apt,125,7,139,1.23,2,311
40.82279,-73.95139,Private room,60,3,11,0.87,3,219
40.67967,-74.00154,Entire home/apt,175,2,233,2.09,3,342
40.83927,-73.94281,Private room,65,2,68,0.6,1,312
40.73096,-74.00319,Entire home/apt,500,4,46,0.55,2,243
40.71332,-73.94177,Private room,101,3,335,3.02,1,152
40.66941,-73.98109,Entire home/apt,220,30,88,0.79,1,9
40.68373,-73.92377,Entire home/apt,125,90,162,1.46,2,137
40.71459,-73.94844,Entire home/apt,80,30,29,0.4,1,222
40.8092,-73.94421,Private room,100,2,170,1.61,1,346
40.68157,-73.98989,Entire home/apt,200,30,19,0.2,1,208
40.75527,-73.99291,Private room,59,2,334,3,2,279
40.68698,-73.96572,Private room,125,2,19,0.2,6,250
40.7288,-73.98192,Entire home/apt,140,7,12,0.13,1,164
40.66853,-73.98912,Entire home/apt,120,30,467,4.22,2,192
40.7254,-73.98157,Entire home/apt,350,2,7,0.06,4,298
40.74294,-73.98009,Entire home/apt,199,5,38,0.38,1,260
40.71942,-73.95748,Entire home/apt,325,3,324,3.01,1,107
40.77823,-73.97637,Entire home/apt,235,6,27,0.27,1,199
40.72555,-73.97965,Entire home/apt,225,1,115,1.05,4,299
40.66831,-73.98604,Private room,99,2,354,3.2,3,20
40.82754,-73.94919,Entire home/apt,170,2,195,2.03,1,318
40.66499,-73.97925,Entire home/apt,400,2,16,0.24,2,216
40.77842,-73.97556,Entire home/apt,170,7,13,0.12,1,224
40.72245,-73.98527,Entire home/apt,100,4,25,0.23,1,0
40.65593,-73.96053,Private room,75,2,9,0.08,1,324
40.71923,-73.96468,Private room,90,1,9,0.08,1,245
40.778,-73.94822,Entire home/apt,150,5,21,0.19,1,189
40.85879,-73.93128,Private room,85,15,36,0.33,1,307
40.68332,-73.9547,Private room,70,3,63,0.58,2,310
40.81618,-73.94894,Entire home/apt,120,3,155,1.42,3,213
40.68414,-73.96351,Private room,89,3,260,2.35,1,278
40.72392,-73.99143,Entire home/apt,185,5,73,0.66,1,209
40.73494,-73.9503,Private room,50,3,193,1.86,1,0
40.71341,-73.98856,Entire home/apt,105,3,32,0.29,1,16
40.76754,-73.98399,Private room,130,2,50,0.45,3,234
40.73442,-74.00303,Entire home/apt,115,29,26,0.25,1,12
40.63188,-73.93248,Private room,77,2,2,0.02,1,178
40.6873,-73.9634,Private room,76,2,426,3.89,3,275
40.68296,-73.93662,Entire home/apt,125,3,227,2.09,2,163
40.6863,-73.96765,Private room,135,4,84,0.77,3,365
40.73409,-73.95348,Entire home/apt,250,29,3,0.03,1,34
40.71561,-73.94835,Entire home/apt,199,3,10,0.1,1,280
40.6857,-73.99183,Entire home/apt,140,2,4,0.04,1,0
40.74028,-73.83168,Private room,140,2,1,0.01,1,1
40.68281,-73.93524,Entire home/apt,115,3,124,1.72,2,170
40.71596,-73.93938,Entire home/apt,160,3,11,0.11,1,188
40.71492,-73.95935,Entire home/apt,195,4,240,2.19,1,214
40.72354,-73.98295,Entire home/apt,195,3,30,0.28,1,248
40.71165,-73.96087,Private room,80,3,200,1.86,4,262
40.69101,-73.97312,Private room,44,8,27,1.05,5,280
40.73474,-74.00101,Private room,156,4,79,0.74,1,307
40.67386,-73.96641,Private room,85,15,9,0.09,1,339
40.71536,-73.96057,Private room,125,3,155,1.61,1,1
40.6741,-73.96595,Entire home/apt,115,15,4,0.05,1,269
40.79295,-73.93997,Private room,69,2,34,0.32,1,10
40.73226,-74.00401,Entire home/apt,225,45,134,1.24,1,312
40.71363,-73.96398,Entire home/apt,125,6,27,0.25,1,189
40.77711,-73.9527,Entire home/apt,219,4,126,1.16,2,290
40.68559,-73.98094,Entire home/apt,475,3,23,0.27,1,230
40.77456,-73.95323,Entire home/apt,99,1,234,2.6,2,164
40.71088,-73.95055,Private room,69,4,202,1.86,2,53
40.74559,-73.92313,Private room,79,30,28,0.26,1,126
40.68306,-73.94659,Entire home/apt,135,2,309,2.86,2,3
40.70207,-73.98571,Private room,250,3,14,0.13,1,189
40.76123,-73.9642,Entire home/apt,250,3,4,0.08,1,365
40.66858,-73.99083,Entire home/apt,250,2,80,2.17,1,0
40.82704,-73.94907,Entire home/apt,80,3,2,0.04,1,0
40.68843,-73.96408,Private room,70,2,294,3.47,3,336
40.6783,-74.00135,Entire home/apt,165,2,150,1.4,3,342
40.64524,-74.08088,Private room,70,2,166,1.66,1,312
40.70641,-73.91765,Private room,50,2,47,0.94,1,37
40.83232,-73.93184,Private room,40,1,219,2.04,3,353
40.71045,-73.9677,Entire home/apt,150,2,193,1.78,1,177
40.72518,-73.98034,Private room,125,1,84,0.78,4,310
40.70666,-74.01374,Entire home/apt,196,3,114,1.06,1,0
40.69098,-73.97113,Private room,110,2,213,2,2,321
40.73756,-74.00405,Entire home/apt,170,3,86,0.8,1,246
40.81526,-73.94791,Entire home/apt,165,3,80,0.75,3,231
40.73423,-74.0046,Entire home/apt,150,26,38,0.36,1,225
40.82374,-73.9373,Entire home/apt,100,2,18,1.79,1,0
40.68863,-73.97691,Private room,65,2,206,1.92,2,0
40.70382,-73.89797,Entire home/apt,350,8,10,0.11,5,365
40.80549,-73.95924,Private room,99,4,122,1.18,2,233
40.71627,-73.9587,Entire home/apt,200,4,33,0.58,1,1
40.67994,-73.97863,Entire home/apt,150,5,52,0.5,1,18
40.67992,-73.9475,Private room,90,3,126,1.17,4,343
40.67868,-73.97307,Private room,120,3,51,0.48,3,250
40.76834,-73.95334,Private room,75,3,199,1.85,1,326
40.68237,-73.9415,Entire home/apt,175,26,30,0.29,1,364
40.74031,-73.99999,Entire home/apt,125,3,3,0.03,1,0
40.76307,-73.99665,Entire home/apt,275,1,41,0.38,1,299
40.71882,-73.98852,Entire home/apt,299,2,109,1.04,1,207
40.6693,-73.98804,Entire home/apt,135,5,151,1.43,3,162
40.77333,-73.95199,Private room,130,14,0,,2,0
40.72319,-73.99201,Private room,83,1,285,2.69,1,7
40.74859,-73.99671,Private room,123,1,375,3.52,1,328
40.67252,-73.76597,Private room,55,2,52,0.49,2,365
40.76244,-73.99271,Entire home/apt,195,5,10,1.01,1,0
40.69546,-73.93503,Private room,80,2,11,0.48,1,0
40.71722,-73.87856,Entire home/apt,98,30,33,0.31,5,240
40.70234,-73.89816,Private room,140,7,6,0.06,5,365
40.71546,-73.87854,Entire home/apt,265,7,38,0.38,5,365
40.7195,-73.95976,Entire home/apt,249,2,358,3.44,2,164
40.76548,-73.98474,Shared room,105,6,10,0.09,1,363
40.80234,-73.95603,Private room,200,30,0,,1,365
40.6787,-73.97262,Private room,100,2,226,2.12,3,250
40.81035,-73.94598,Entire home/apt,121,1,104,1,5,247
40.83075,-73.93058,Private room,45,1,138,1.45,3,323
40.79958,-73.94275,Private room,100,5,204,1.92,1,192
40.71625,-73.93845,Entire home/apt,140,2,253,3.04,1,125
40.6829,-73.93549,Private room,71,2,23,0.22,1,91
40.72773,-73.99134,Private room,130,2,115,1.17,1,75
40.72861,-74.0049,Entire home/apt,199,5,129,1.22,1,286
40.70979,-73.95162,Private room,69,4,82,1.13,2,60
40.68656,-73.97525,Private room,68,3,37,0.35,1,0
40.72752,-73.98432,Entire home/apt,130,1,204,2.04,1,192
40.729,-73.95829,Entire home/apt,195,2,69,0.65,1,58
40.81219,-73.94499,Private room,64,1,192,1.84,5,245
40.77185,-73.90502,Entire home/apt,140,2,17,0.16,1,292
40.68926,-73.99386,Entire home/apt,159,2,222,2.12,1,279
40.72821,-73.98701,Entire home/apt,189,3,205,1.96,1,0
40.7672,-73.98508,Entire home/apt,250,3,94,0.96,1,3
40.73012,-73.99053,Entire home/apt,239,3,7,0.07,1,351
40.7403,-73.98498,Entire home/apt,305,2,108,1.09,1,201
40.80931,-73.94343,Entire home/apt,155,3,222,2.1,2,232
40.8251,-73.94287,Private room,60,1,458,4.58,2,258
40.6585,-73.98397,Private room,135,2,21,0.26,1,272
40.76193,-73.9501,Private room,120,7,17,0.3,1,341
40.72052,-73.98589,Entire home/apt,150,3,41,0.39,1,244
40.70411,-73.89934,Entire home/apt,140,14,1,0.01,5,365
40.73401,-73.95967,Entire home/apt,135,2,69,0.67,1,12
40.71756,-73.99503,Entire home/apt,250,4,18,0.18,2,265
40.7589,-73.96991,Entire home/apt,250,30,82,0.78,1,0
40.72003,-74.00262,Entire home/apt,500,4,94,0.99,1,329
40.73194,-73.99474,Entire home/apt,225,5,10,0.1,1,91
40.79163,-73.94573,Entire home/apt,125,28,183,1.83,2,365
40.8118,-73.94434,Private room,92,1,189,1.82,5,253
40.81583,-73.94707,Private room,175,2,1,0.11,1,365
40.72654,-73.98049,Entire home/apt,99,2,127,1.22,1,320
40.80021,-73.96071,Entire home/apt,195,4,4,0.04,1,0
40.80942,-73.93936,Entire home/apt,140,3,135,1.3,3,192
40.71961,-73.9954,Entire home/apt,135,2,21,0.2,1,0
40.74358,-74.00027,Entire home/apt,500,2,35,0.34,1,348
40.80335,-73.9575,Private room,80,14,10,2.21,2,0
40.71445,-73.9908,Private room,120,4,171,1.8,2,353
40.75749,-73.96897,Entire home/apt,110,200,92,0.9,1,140
40.64446,-73.9503,Entire home/apt,65,3,238,2.3,1,2
40.7268,-73.99079,Entire home/apt,130,50,56,0.58,1,56
40.688,-73.9171,Entire home/apt,99,3,111,2.13,1,68
40.63536,-74.08537,Private room,36,2,193,1.85,6,360
40.63627,-74.08543,Private room,37,2,147,1.44,6,0
40.63518,-74.08546,Private room,37,2,177,1.71,6,320
40.72477,-73.98161,Entire home/apt,175,3,185,1.78,2,326
40.74238,-73.99567,Entire home/apt,205,9,62,0.7,2,76
40.72945,-73.95511,Entire home/apt,285,3,124,1.22,3,279
40.70763,-73.95177,Private room,59,2,181,1.77,2,15
40.63481,-74.08519,Private room,36,2,333,3.19,6,340
40.75384,-73.91433,Entire home/apt,99,5,441,4.5,1,226
40.64106,-73.97426,Private room,39,1,45,0.46,2,365
40.66793,-73.98327,Private room,60,14,9,0.09,2,0
40.81309,-73.85514,Private room,90,2,0,,7,349
40.88057,-73.83572,Entire home/apt,105,2,38,0.5,13,365
40.68236,-73.94314,Entire home/apt,135,2,248,2.39,2,11
40.72185,-73.98246,Entire home/apt,390,5,143,1.38,2,316
40.68503,-73.95385,Private room,70,3,36,0.41,4,281
40.86648,-73.9263,Private room,75,7,0,,2,323
40.7069,-73.95467,Private room,60,17,14,0.14,4,362
40.72807,-73.98594,Entire home/apt,200,3,0,,1,0
40.6778,-73.94339,Private room,100,3,279,2.69,1,301
40.68317,-73.94701,Private room,70,4,18,0.22,4,189
40.6761,-73.9529,Private room,110,6,50,3.55,1,0
40.67586,-73.95155,Private room,60,2,227,2.27,2,287
40.71702,-73.99811,Entire home/apt,90,14,1,0.16,1,14
40.72321,-73.98157,Private room,68,2,203,1.96,2,86
40.77956,-73.98098,Entire home/apt,115,2,210,2.1,1,261
40.68276,-73.95264,Private room,75,5,64,0.67,1,68
40.71368,-73.9626,Private room,60,3,0,,1,0
40.72956,-73.98158,Entire home/apt,129,7,5,0.15,1,231
40.71069,-73.95175,Entire home/apt,130,10,49,0.48,1,152
40.70863,-73.94641,Entire home/apt,95,4,132,1.27,1,46
40.82888,-73.94307,Private room,75,3,20,0.26,1,364
40.67319,-73.97323,Entire home/apt,175,2,11,0.11,1,246
40.67846,-73.99443,Entire home/apt,190,3,51,0.57,1,288
40.6715,-73.94808,Private room,49,21,15,0.15,5,331
40.72681,-73.98534,Entire home/apt,212,3,67,1.31,1,51
40.71904,-73.99392,Private room,95,1,109,1.11,3,364
40.71031,-73.9583,Entire home/apt,140,2,9,0.11,1,254
40.81322,-73.95306,Entire home/apt,135,6,187,1.87,1,189
40.67732,-73.98225,Entire home/apt,150,2,214,2.08,2,263
40.68076,-73.9896,Entire home/apt,190,3,69,0.79,2,258
40.79603,-73.94903,Entire home/apt,124,28,22,0.26,1,103
40.71492,-73.96282,Entire home/apt,135,30,56,0.56,1,42
40.80393,-73.95838,Private room,122,3,93,0.93,1,246
40.80082,-73.9652,Private room,109,1,104,1.05,2,364
40.82976,-73.94867,Private room,85,30,64,0.68,1,318
40.683,-73.91981,Entire home/apt,145,3,127,1.25,2,72
40.78971,-73.9729,Entire home/apt,195,11,30,0.32,1,249
40.67817,-73.99495,Entire home/apt,250,2,106,1.34,3,272
40.73119,-73.95578,Private room,125,3,6,0.1,1,325
40.71943,-73.99627,Entire home/apt,575,2,191,1.88,1,298
40.78,-73.98249,Entire home/apt,150,30,48,0.55,1,35
40.70514,-73.91922,Private room,70,5,47,0.49,1,203
40.86713,-73.92811,Private room,90,2,120,1.27,1,132
40.73198,-73.98881,Private room,65,3,52,0.63,1,5
40.72542,-73.97986,Entire home/apt,500,2,48,0.48,4,297
40.83494,-73.93869,Entire home/apt,250,3,32,0.43,2,276
40.71659,-73.98945,Entire home/apt,125,25,43,0.42,1,102
40.72966,-74.00243,Entire home/apt,200,30,39,0.44,1,251
40.72898,-73.95552,Entire home/apt,229,1,50,0.5,1,188
40.87207,-73.90193,Entire home/apt,90,30,4,0.35,2,346
40.77728,-73.97818,Entire home/apt,110,13,38,0.39,1,0
40.72646,-73.95341,Private room,59,3,29,0.36,1,15
40.71015,-73.96101,Entire home/apt,195,4,59,0.6,1,71
40.71903,-73.9597,Entire home/apt,169,1,68,0.67,2,215
40.80892,-73.93985,Entire home/apt,113,14,26,0.27,3,253
40.80276,-73.9567,Entire home/apt,250,14,31,0.31,1,78
40.77635,-73.93426,Entire home/apt,115,2,198,2.01,1,257
40.72488,-73.95018,Private room,55,2,1,0.01,1,0
40.71398,-73.95763,Private room,69,2,220,2.17,2,8
40.71876,-73.98394,Entire home/apt,150,3,286,2.81,1,191
40.66552,-73.99019,Entire home/apt,169,2,398,3.97,3,182
40.73749,-73.95292,Private room,179,3,36,0.36,28,79
40.76248,-73.9913,Private room,150,3,36,0.36,1,49
40.68674,-73.98876,Entire home/apt,135,4,6,0.1,1,0
40.6848,-73.96219,Entire home/apt,350,6,14,0.3,1,156
40.70516,-73.95455,Private room,120,14,76,0.76,6,343
40.72329,-73.98486,Private room,71,2,182,1.81,1,200
40.73776,-73.95327,Private room,349,3,8,0.09,28,60
40.73738,-73.95482,Private room,349,3,7,0.07,28,60
40.67542,-73.98142,Entire home/apt,165,30,34,0.51,2,189
40.73842,-73.95312,Private room,249,3,2,0.02,28,60
40.6926,-73.99832,Private room,100,3,66,0.68,2,0
40.69441,-73.99771,Entire home/apt,200,3,80,0.85,2,106
40.72399,-73.98374,Entire home/apt,169,4,240,2.4,1,276
40.6824,-73.94615,Entire home/apt,185,3,46,1.07,1,248
40.68949,-73.91708,Entire home/apt,65,2,228,2.27,1,194
40.68819,-73.97258,Entire home/apt,130,35,5,0.05,1,135
40.7205,-73.96015,Entire home/apt,199,30,8,0.11,1,30
40.72451,-73.98094,Entire home/apt,225,2,33,0.33,1,0
40.73813,-73.95394,Private room,179,3,13,0.14,28,81
40.67591,-73.94715,Entire home/apt,150,5,5,0.05,1,0
40.72843,-73.98895,Entire home/apt,139,1,388,3.88,1,142
40.71271,-73.99776,Private room,95,3,223,2.22,2,60
40.66966,-73.94735,Entire home/apt,79,15,11,0.11,5,179
40.71965,-73.98766,Entire home/apt,150,2,151,1.51,2,52
40.68613,-73.96536,Entire home/apt,650,5,0,,3,365
40.68048,-73.94911,Entire home/apt,90,3,218,2.26,4,324
40.68314,-73.93963,Entire home/apt,120,2,75,0.76,2,237
40.75961,-73.91117,Private room,80,1,42,1.21,2,365
