"","popularity","duration_ms","danceability","energy","key","loudness","mode","speechiness","acousticness","instrumentalness","liveness","valence","tempo","time_signature"
"53385",0,208689,0.416,0.771,7,-3.183,0,0.0539,0.178,1.47e-06,0.501,0.493,144.869,4
"46704",35,198400,0.617,0.982,9,-2.017,1,0.0942,0.0123,0.101,0.734,0.432,150.023,4
"5213",56,245397,0.558,0.559,5,-4.95,1,0.0273,0.13,0.000651,0.11,0.256,156.156,4
"106558",54,201381,0.65,0.324,7,-9.582,0,0.0445,0.403,0,0.131,0.228,121.933,4
"15480",51,147826,0.682,0.449,7,-10.219,1,0.0318,0.651,0.000575,0.094,0.247,82.465,4
"86467",61,224760,0.54,0.902,1,-3.577,1,0.0442,0.0142,0,0.0756,0.692,75.033,4
"14751",55,181864,0.86,0.348,0,-10.403,1,0.0388,0.178,0,0.0866,0.832,134.005,4
"7979",23,249213,0.36,0.762,2,-6.596,1,0.0339,0.00462,5.41e-06,0.117,0.373,134.805,4
"94522",61,159149,0.645,0.708,5,-6.005,0,0.0382,0.00909,0.000356,0.115,0.282,80.503,4
"105271",36,185312,0.673,0.173,11,-18.777,0,0.0378,0.873,0.86,0.0962,0.0558,113.973,4
"60804",51,220464,0.859,0.623,8,-5.339,0,0.061,0.181,0.000259,0.165,0.807,101.978,4
"38754",55,231640,0.52,0.304,11,-15.255,0,0.0284,0.816,0.366,0.0948,0.0392,103.981,4
"57168",56,179032,0.309,0.299,9,-9.039,0,0.0334,0.554,3.1e-05,0.0899,0.193,126.424,4
"38179",66,252279,0.525,0.742,10,-5.643,1,0.0311,0.0874,0.149,0.117,0.179,117.029,4
"40369",42,402308,0.431,0.485,4,-7.648,1,0.0291,0.207,0.0281,0.156,0.0901,141.017,4
"72734",26,194800,0.478,0.958,6,-4.904,0,0.0783,0.000764,2e-06,0.244,0.38,128.35,4
"2029",1,445000,0.64,0.821,7,-5.789,0,0.0732,0.00122,0.145,0.203,0.624,135.478,4
"32148",47,258292,0.694,0.907,0,-5.222,1,0.0436,0.0164,0.3,0.181,0.783,116.998,4
"113118",53,220000,0.586,0.783,10,-3.684,1,0.026,0.0617,0,0.129,0.483,95.932,4
"39762",39,208615,0.955,0.499,2,-8.993,1,0.0712,0.00252,0,0.0751,0.441,129.973,4
"101094",0,267496,0.0765,0.00291,4,-23.323,0,0.268,0,0.571,0.354,0.00184,170.023,4
"22397",24,259840,0.257,0.928,8,-8.196,1,0.0539,1.34e-05,0.864,0.365,0.203,106.483,4
"88949",45,198240,0.71,0.451,9,-8.217,1,0.133,0.137,9.85e-05,0.374,0.481,156.032,4
"37684",47,190619,0.703,0.841,8,-3.529,1,0.0522,0.572,0,0.848,0.602,125.966,4
"17588",20,102645,0.667,0.464,7,-10.581,0,0.0307,0.00996,0.17,0.0894,0.263,127.995,4
"111245",25,200853,0.341,0.494,7,-8.055,1,0.0288,0.246,0.00109,0.149,0.271,83.603,3
"78799",25,192357,0.489,0.908,4,-4.811,0,0.0375,0.00528,0.014,0.0637,0.389,167.945,4
"103695",0,136306,0.629,0.56,0,-11.455,0,0.0523,0.595,0,0.182,0.88,118.895,3
"38012",80,179499,0.682,0.9,9,-5.028,1,0.0874,0.0884,0.063,0.0685,0.937,100.721,4
"19172",0,194866,0.465,0.653,0,-5.515,1,0.0273,0.111,0.000125,0.172,0.233,143.912,4
"112507",40,323600,0.54,0.207,7,-19.951,0,0.0793,0.517,0,0.138,0.203,155.933,4
"1012",39,180000,0.708,0.782,9,-6.419,1,0.284,0.0507,0,0.251,0.717,94.038,4
"27044",0,169784,0.766,0.865,9,-4.172,0,0.0497,0.0867,0,0.138,0.655,116.007,4
"19154",3,221400,0.528,0.718,7,-6.954,1,0.0337,0.1,0,0.304,0.51,155.759,4
"17434",47,211440,0.791,0.721,6,-5.588,0,0.094,0.259,0,0.104,0.66,87.032,4
"66267",14,108200,0.808,0.179,7,-15.566,1,0.275,0.784,0,0.0983,0.795,104.993,4
"86024",3,161920,0.459,0.858,4,-3.063,1,0.0626,0.0506,0,0.184,0.855,111.682,4
"47315",72,343640,0.35,0.985,10,-5.676,0,0.122,0.00876,0.551,0.36,0.323,151.007,4
"90433",34,154960,0.571,0.831,0,-7.647,1,0.0605,0.759,0,0.415,0.884,133.016,4
"97644",46,277697,0.575,0.845,10,-4.594,0,0.0544,0.301,0,0.793,0.557,124.794,4
"105389",13,140000,0.784,0.31,3,-11.671,0,0.1,0.0166,0.722,0.114,0.387,90.012,4
"17068",53,206400,0.327,0.853,2,-3.68,1,0.0568,0.00175,0.235,0.208,0.143,99.919,4
"8015",1,197106,0.549,0.891,6,-4.044,1,0.0351,0.0141,0.00323,0.0661,0.508,111.996,4
"23430",54,180000,0.697,0.57,7,-12.017,0,0.0343,0.327,0.263,0.156,0.0716,128.045,4
"77565",43,153205,0.58,0.832,8,-6.696,1,0.0773,0.42,0,0.98,0.843,195.864,4
"5670",52,236720,0.557,0.717,7,-5.493,1,0.0397,0.0765,0,0.329,0.795,164.029,4
"69637",24,240547,0.635,0.503,4,-9.431,1,0.0325,0.639,0.000988,0.126,0.451,152.002,4
"86225",47,224500,0.594,0.823,0,-3.235,1,0.0294,0.0263,0,0.266,0.374,94.983,3
"54646",10,158773,0.623,0.857,5,-10.752,0,0.0358,0.0967,0.815,0.093,0.897,128.715,4
"57640",45,244067,0.571,0.13,4,-14.136,1,0.0356,0.844,0,0.0833,0.385,131.568,3
"99975",74,235373,0.434,0.563,11,-6.784,1,0.0268,0.0197,0.000824,0.128,0.275,104.183,4
"91248",4,165213,0.329,0.282,7,-10.863,1,0.0294,0.71,0.00265,0.158,0.393,112.944,4
"98831",21,316906,0.503,0.281,4,-12.344,1,0.515,0.943,6.18e-06,0.91,0.416,86.462,4
"5956",44,95502,0.568,0.0961,7,-29.214,0,0.0496,0.812,0.944,0.135,0.344,67.021,4
"56552",63,269933,0.521,0.298,4,-12.474,1,0.026,0.754,0.46,0.11,0.232,80.388,4
"18590",21,398613,0.431,0.789,1,-12.315,1,0.951,0.858,0,0.833,0.217,67.824,3
"61759",19,260213,0.445,0.775,2,-2.185,1,0.038,0.00993,0.00185,0.305,0.422,136.154,4
"17640",17,230500,0.587,0.767,10,-4.62,0,0.0314,0.00674,0.964,0.176,0.408,120.02,4
"93683",0,154549,0.483,0.268,4,-10.356,0,0.106,0.995,0.00538,0.0734,0.755,82.027,4
"84632",42,449133,0.467,0.704,0,-8.313,1,0.0293,0.00623,0.107,0.0861,0.188,89.658,4
"654",39,192397,0.559,0.118,7,-16.34,1,0.0421,0.979,0.935,0.109,0.289,97.1,4
"1187",30,222613,0.747,0.521,2,-9.483,0,0.0325,0.638,0.0304,0.118,0.498,120.035,4
"82731",21,145906,0.566,0.948,3,-5.272,1,0.0522,5.5e-05,0,0.148,0.574,105.079,4
"44349",49,378313,0.447,0.866,6,-5.588,1,0.0775,1.07e-05,3.87e-06,0.185,0.285,86.469,4
"73162",38,420923,0.71,0.753,11,-9.525,1,0.0543,0.0136,0.881,0.097,0.0736,129.993,4
"57227",0,142560,0.409,0.336,2,-10.479,1,0.0301,0.383,0,0.15,0.549,114.59,3
"76417",23,255866,0.388,0.177,7,-17.333,1,0.0308,0.802,0.392,0.133,0.169,95.889,4
"24731",6,426805,0.735,0.651,2,-8.063,1,0.0507,0.000789,0.875,0.607,0.267,127.004,4
"17694",46,221306,0.358,0.418,4,-7.147,1,0.0355,0.693,0.000774,0.447,0.171,120.74,4
"50169",30,226960,0.462,0.978,11,-3.634,0,0.125,1.91e-05,0.483,0.131,0.325,149.103,4
"69048",53,165576,0.452,0.0735,2,-20.761,1,0.04,0.936,0,0.083,0.276,104.066,1
"32533",36,223511,0.584,0.688,2,-8.888,1,0.0354,0.266,0.909,0.16,0.0374,105.013,4
"73008",51,332146,0.669,0.619,8,-9.02,0,0.0376,0.00122,0.817,0.0677,0.432,124.994,4
"8636",36,245146,0.517,0.386,9,-12.004,1,0.0288,0.796,0.00184,0.109,0.248,70.135,4
"44393",54,271440,0.458,0.884,6,-4.679,1,0.0495,0.000468,0.483,0.128,0.25,132.814,4
"89001",6,171880,0.709,0.56,4,-4.867,0,0.171,0.034,0,0.315,0.541,170.082,4
"104317",32,148117,0.613,0.971,3,-3.279,0,0.208,0.647,0,0.0929,0.852,147.202,4
"82562",21,183911,0.445,0.942,10,-3.589,1,0.0646,8.95e-05,0.0188,0.319,0.872,180.003,4
"20270",2,185680,0.69,0.626,6,-5.693,1,0.306,0.105,0.000335,0.0881,0.912,184.009,4
"109100",0,158771,0.601,0.91,0,-5.631,1,0.048,0.0032,0.000379,0.147,0.791,123.936,4
"85103",72,225973,0.47,0.623,0,-5.655,1,0.0302,0.392,0.000439,0.0992,0.298,77.861,4
"37323",52,273417,0.57,0.52,1,-4.885,0,0.366,0.361,0,0.13,0.64,156.856,4
"93471",0,110388,0.576,0.516,0,-8.355,1,0.0556,0.837,2.75e-05,0.0853,0.897,88.175,4
"65095",76,184677,0.564,0.682,6,-6.688,1,0.113,0.0146,0,0.123,0.551,107.597,4
"29170",58,274285,0.435,0.725,1,-6.969,1,0.0609,0.0424,3.89e-06,0.105,0.397,174.989,4
"90506",31,111493,0.419,0.288,8,-15.826,1,0.0454,0.71,0,0.274,0.795,145.557,3
"100113",42,248014,0.548,0.941,7,-4.061,1,0.0556,0.00568,1.67e-05,0.295,0.767,153.027,4
"42667",13,197840,0.155,0.966,4,-5.226,0,0.139,0.000577,0.625,0.325,0.244,153.574,4
"75964",19,265534,0.134,0.113,5,-20.493,1,0.0398,0.955,0.98,0.161,0.0876,172.762,5
"3790",0,148440,0.451,0.82,9,-4.524,1,0.242,0.0526,1.58e-06,0.148,0.39,85.758,4
"43985",0,303589,0.81,0.662,1,-11.434,0,0.044,0.0046,0.512,0.071,0.328,117.001,4
"43201",55,210000,0.737,0.681,10,-10.063,0,0.0536,0.0401,0.0011,0.31,0.799,124.023,4
"46203",22,74288,0.549,0.69,11,-12.348,1,0.0421,1.8e-05,0.892,0.392,0.725,76.751,4
"103780",0,193493,0.594,0.815,10,-9.223,0,0.216,0.668,0,0.324,0.54,114.316,4
"101063",0,254739,0.0732,0.45,1,-25.672,1,0.144,0.00216,0.923,0.179,0.0248,81.667,4
"82520",24,193466,0.442,0.925,11,-8.318,0,0.0714,0.00536,0.723,0.638,0.414,133.123,4
"28203",45,212571,0.505,0.61,5,-5.673,0,0.0362,0.458,0.00194,0.104,0.189,140.013,4
"32189",63,70770,0.577,0.647,2,-7.647,1,0.0569,0.00165,0.806,0.154,0.236,160.987,4
"77346",47,241666,0.492,0.775,2,-9.836,0,0.0373,0.653,0.0469,0.41,0.811,155.835,4
"13303",38,477333,0.656,0.899,1,-5.095,1,0.0303,0.00201,0.0969,0.0991,0.544,124.451,4
"106484",38,382093,0.299,0.667,4,-7.176,1,0.0307,0.0639,0.000514,0.354,0.591,151.065,4
"87635",43,207133,0.553,0.443,4,-8.284,1,0.0311,0.794,0.000125,0.195,0.433,139.691,4
"52223",16,161400,0.618,0.274,7,-11.782,1,0.0311,0.922,2.42e-05,0.108,0.439,128.884,4
"4429",56,180061,0.412,0.00313,2,-33.479,0,0.0579,0.99,0.96,0.0883,0.12,102.398,4
"10391",14,261126,0.803,0.86,10,-4.065,0,0.143,0.00583,9.96e-06,0.0453,0.603,129.98,4
"65645",47,177253,0.581,0.582,4,-6.574,0,0.0348,0.728,6.73e-05,0.234,0.818,98.391,4
"95020",0,232573,0.875,0.711,0,-10.999,1,0.0518,0.489,0.000524,0.0687,0.906,103.398,4
"95498",31,236499,0.802,0.694,5,-6.854,1,0.0426,0.378,0.000286,0.0728,0.881,160,4
"82663",20,230026,0.726,0.69,6,-11.403,0,0.0523,0.043,0.000515,0.351,0.922,134.88,4
"82908",56,264893,0.588,0.598,9,-13.288,1,0.0296,0.0386,5.83e-05,0.107,0.866,123.724,4
"9273",46,185360,0.549,0.945,1,-4.534,1,0.295,0.00636,0,0.106,0.453,105.3,4
"59853",0,1038586,0.452,0.13,8,-15.266,1,0.093,0.99,0.403,0.323,0.172,80.192,3
"29599",26,211200,0.593,0.946,6,-2.753,1,0.327,0.0147,0.0691,0.328,0.35,149.993,4
"33473",56,162901,0.802,0.579,6,-4.12,0,0.0325,0.189,0,0.219,0.647,111.994,4
"45502",38,169506,0.226,0.101,1,-21.513,1,0.032,0.991,0.947,0.106,0.139,76.41,3
"90423",33,148584,0.584,0.709,0,-9.442,1,0.0354,0.769,0,0.303,0.787,134.019,4
"52447",14,143760,0.657,0.314,0,-11.094,1,0.0304,0.716,0,0.161,0.761,102.96,4
"113358",30,476420,0.401,0.668,2,-8.731,0,0.0404,0.0224,0,0.122,0.277,75.995,4
"55732",48,225976,0.727,0.564,9,-9.797,1,0.0567,0.707,0,0.104,0.616,97.008,4
"51191",2,223366,0.83,0.623,6,-4.056,1,0.0801,0.0219,0,0.0812,0.614,101.036,4
"99882",67,223280,0.551,0.416,4,-7.94,1,0.0274,0.648,2.26e-06,0.312,0.255,72.174,4
"5061",62,227625,0.718,0.803,6,-4.983,1,0.0318,0.182,1.85e-06,0.111,0.889,110.009,4
"88430",0,173306,0.661,0.576,6,-6.025,0,0.485,0.026,0,0.0623,0.924,123.425,5
"61959",18,249866,0.59,0.926,6,-1.865,1,0.048,0.486,0,0.0849,0.617,126.038,4
"78884",24,156269,0.763,0.886,9,-3.745,0,0.258,0.114,0,0.148,0.631,150.073,4
"96739",39,167226,0.695,0.178,5,-15.743,0,0.0346,0.875,0.000196,0.0929,0.486,130.415,4
"15014",93,244360,0.445,0.537,4,-8.532,0,0.04,0.695,1.65e-05,0.0944,0.131,122.769,4
"47328",72,200293,0.306,0.722,0,-5.963,1,0.034,0.0519,0,0.117,0.41,174.732,4
"31341",0,168053,0.788,0.945,9,-5.091,1,0.0599,0.223,2.97e-06,0.115,0.466,128.036,4
"39908",52,284440,0.461,0.52,6,-7.049,0,0.0325,0.00321,0.0183,0.134,0.256,124.937,4
"39120",1,165800,0.623,0.727,11,-5.57,0,0.0562,0.184,2.02e-05,0.309,0.4,125.975,4
"31186",1,242904,0.716,0.655,2,-5.999,1,0.0444,0.00857,0.162,0.0572,0.207,125.012,4
"69330",32,458213,0.523,0.453,0,-6.973,0,0.0254,0.35,0,0.109,0.327,70.034,4
"10063",55,307813,0.443,0.96,1,-5.481,1,0.0661,0.000127,0.875,0.194,0.533,174.011,4
"102690",0,246333,0.679,0.766,9,-4.993,1,0.0291,0.32,0.015,0.111,0.679,116.269,4
"112376",42,280613,0.717,0.819,7,-5.786,0,0.0626,0.0558,0.0176,0.352,0.825,125.017,4
"37946",44,177412,0.829,0.885,7,-2.469,1,0.093,0.803,9.87e-06,0.472,0.568,115.071,4
"39906",38,143068,0.838,0.525,7,-10.115,1,0.238,0.25,6.46e-05,0.0895,0.369,88.007,4
"45403",38,164000,0.55,0.137,9,-16.341,0,0.056,0.936,0.731,0.103,0.165,126.53,4
"6078",48,516266,0.232,0.931,9,-8.804,1,0.0808,0.00413,0.756,0.0927,0.0371,122.684,4
"10950",11,2796984,0.516,0.899,1,-5.899,1,0.0573,0.00336,0.00168,0.19,0.465,130.572,4
"26066",33,121685,0.41,0.062,2,-25.843,1,0.0617,0.994,0.975,0.085,0.446,173.776,4
"92896",25,170386,0.527,0.26,7,-12.978,1,0.0304,0.59,0.000112,0.073,0.579,105.687,4
"107260",43,199455,0.452,0.798,8,-6.25,1,0.0582,0.00334,0.00167,0.215,0.32,173.997,4
"46861",17,365494,0.607,0.892,2,-6.939,1,0.0374,0.112,0.949,0.12,0.0973,95.491,4
"53671",0,160656,0.717,0.671,0,-5.077,0,0.0337,0.0018,2.54e-06,0.0921,0.699,110.054,4
"24464",9,407826,0.552,0.76,1,-12.784,0,0.117,0.262,0.831,0.0508,0.0898,140.13,4
"13229",12,185806,0.804,0.796,11,-6.113,0,0.112,0.0335,0.461,0.111,0.278,124.008,4
"8251",66,217625,0.49,0.753,6,-5.411,1,0.238,0.081,2.85e-06,0.268,0.325,156.241,4
"48448",34,219320,0.305,0.948,0,-5.245,0,0.134,0.0572,0,0.357,0.257,176.896,4
"16388",0,183066,0.287,0.0372,0,-25.063,0,0.0541,0.981,0.0774,0.0514,0.0393,86.551,4
"18801",36,174779,0.659,0.555,11,-6.35,1,0.0541,0.28,0,0.0948,0.445,85.035,4
"56209",75,218883,0.713,0.452,1,-9.638,1,0.0295,0.841,0.0038,0.105,0.235,102.963,4
"44497",64,197800,0.541,0.916,7,-5.964,0,0.0612,0.00326,2.04e-06,0.0967,0.627,156.015,4
"86377",45,209893,0.783,0.292,2,-18.026,1,0.0404,0.164,0.00185,0.153,0.696,120.802,4
"45093",0,267533,0.685,0.797,2,-5.372,1,0.0558,0.506,0.00935,0.069,0.926,98.612,4
"37292",1,272506,0.736,0.781,5,-3.98,1,0.0443,0.00124,0.0138,0.0796,0.787,110.014,4
"43414",58,166633,0.701,0.83,9,-6.656,0,0.0535,0.0407,0.0121,0.348,0.839,125.979,3
"72543",27,197906,0.511,0.986,2,-4.232,1,0.121,3.64e-05,0.00662,0.437,0.286,109.993,4
"97141",52,206256,0.41,0.67,2,-4.921,1,0.0588,0.259,0,0.912,0.428,100.87,4
"93856",0,353410,0.357,0.28,9,-11.596,0,0.0349,0.966,0.0507,0.0779,0.267,136.75,4
"37473",47,224184,0.649,0.468,6,-11.423,0,0.271,0.265,0,0.0921,0.47,131.925,4
"69338",31,174193,0.641,0.567,10,-9.822,1,0.0432,0.564,0.00371,0.089,0.502,123.975,4
"90218",37,163706,0.73,0.612,10,-5.781,1,0.0379,0.594,0,0.64,0.83,107.635,4
"97930",43,214813,0.557,0.585,7,-6.753,1,0.0396,0.572,0,0.972,0.599,82.617,1
"97744",46,202200,0.757,0.733,4,-6.706,1,0.0297,0.526,0,0.219,0.821,128.013,4
"105830",25,105000,0.742,0.474,0,-11.896,1,0.181,0.659,0.945,0.573,0.489,160.052,4
"73408",43,723673,0.747,0.646,6,-9.574,1,0.0439,0.000986,0.868,0.0831,0.575,123.989,4
"27076",33,226046,0.528,0.957,1,-1.265,1,0.114,0.121,0.91,0.144,0.0772,171.992,4
"32722",58,120959,0.707,0.678,1,-5.755,1,0.041,0.0309,0,0.0814,0.442,124.99,4
"20719",3,220138,0.596,0.473,9,-9.381,0,0.218,0.0273,0,0.203,0.365,157,4
"75090",35,447826,0.292,0.00847,7,-34.663,1,0.0432,0.872,0.91,0.0986,0.108,119.415,4
"51990",0,212026,0.765,0.816,1,-3.99,1,0.0595,0.124,8.19e-05,0.197,0.624,89.005,4
"48330",1,191786,0.378,0.934,11,-3.702,0,0.107,0.0013,0.0149,0.322,0.602,159.829,4
"80522",63,366853,0.815,0.833,7,-6.117,0,0.0769,0.0297,2e-05,0.33,0.563,99.989,4
"39392",15,318426,0.156,0.332,9,-16.687,1,0.0349,0.117,0.894,0.111,0.0355,74.592,4
"91643",0,245510,0.231,0.158,7,-11.508,1,0.0297,0.745,0,0.123,0.204,106.031,3
"2308",73,248335,0.618,0.837,1,-5.338,1,0.0304,0.000254,0.000378,0.0618,0.526,121.227,4
"17876",41,123306,0.622,0.765,10,-3.768,0,0.0345,0.381,0,0.17,0.652,143.842,4
"20423",0,167858,0.744,0.725,11,-6.056,1,0.0303,0.0179,1e-05,0.212,0.902,118.035,4
"79104",74,241853,0.338,0.803,8,-5.412,0,0.0413,0.0187,0,0.136,0.4,151.994,4
"20499",0,197651,0.563,0.879,0,-4.735,0,0.0907,0.00125,1.76e-05,0.166,0.602,107.013,4
"63384",37,238732,0.573,0.697,2,-3.988,1,0.0355,0.0127,0,0.102,0.647,103.982,4
"93393",0,225093,0.333,0.131,2,-17.756,0,0.0373,0.97,0.0228,0.217,0.126,80.065,5
"38492",27,141801,0.423,0.963,9,-4.197,0,0.0835,0.0462,0.973,0.0835,0.386,130.059,4
"16223",0,185506,0.215,0.184,2,-15.551,0,0.0485,0.957,0.881,0.124,0.0949,83.917,4
"105",60,199019,0.728,0.266,8,-7.322,1,0.0293,0.872,1.03e-05,0.114,0.307,115.189,4
"59776",0,15800,0.251,0.508,5,-10.564,0,0.316,0.969,0.999,0.952,0,184.051,3
"13992",5,480200,0.804,0.678,10,-11.94,0,0.0496,0.0697,0.919,0.0854,0.741,124.679,4
"9223",49,141400,0.574,0.89,6,-5.789,0,0.041,0.082,0,0.0741,0.83,97.9,4
"26860",19,78240,0.538,0.512,8,-8.697,1,0.0638,0.947,1.42e-05,0.273,0.855,52.751,4
"87942",40,234506,0.55,0.906,9,-6.611,1,0.038,0.00417,1.77e-05,0.439,0.664,109.536,4
"29151",53,295890,0.363,0.735,1,-3.857,1,0.0428,0.0014,0.000119,0.13,0.0721,145.556,4
"59341",0,286466,0.397,0.055,9,-21.124,0,0.0499,0.983,0.501,0.112,0.0393,118.105,5
"76981",20,265200,0.29,0.427,7,-6.847,0,0.0315,0.37,2.68e-06,0.323,0.0539,81.832,3
"75262",41,266053,0.666,0.442,10,-10.572,1,0.0289,0.261,0.436,0.113,0.332,105.022,4
"48364",54,303533,0.728,0.647,10,-5.199,0,0.24,0.0354,1.7e-06,0.285,0.215,160.009,4
"3928",72,278973,0.423,0.845,11,-3.509,0,0.0559,0.143,5.07e-06,0.213,0.317,116.602,4
"105750",8,145958,0.724,0.737,8,-6.471,0,0.057,0.00721,0.12,0.104,0.814,85.99,4
"65183",72,240361,0.508,0.559,2,-6.366,0,0.0276,0.288,0,0.131,0.329,135.866,4
"85353",57,202040,0.386,0.796,2,-4.76,0,0.0413,0.0259,0,0.124,0.635,148.6,4
"113471",40,242626,0.498,0.927,10,-5.156,1,0.088,0.000186,0,0.673,0.486,145.052,4
"94763",57,152727,0.746,0.548,7,-5.098,1,0.0533,0.148,2.21e-06,0.0984,0.498,87.946,4
"11465",53,368493,0.408,0.363,2,-13.949,1,0.0284,0.528,0.0538,0.0868,0.212,131.249,4
"85768",36,259554,0.523,0.765,0,-7.305,1,0.0492,0.266,0,0.211,0.543,136.115,4
"36720",33,210440,0.825,0.614,1,-6.296,1,0.115,0.0125,5.53e-06,0.102,0.432,156.997,4
"19899",43,162352,0.502,0.877,7,-2.847,1,0.0746,0.0129,0,0.244,0.696,170.123,4
"108163",23,195936,0.648,0.237,4,-8.837,0,0.0511,0.978,0,0.123,0.435,119.956,3
"103489",0,221586,0.669,0.623,1,-6.224,1,0.0239,0.0645,0.00353,0.0641,0.24,96.999,4
"55372",52,305600,0.53,0.795,7,-6.547,1,0.0314,0.17,2.81e-05,0.157,0.546,150.009,4
"28443",0,342008,0.35,0.869,7,-3.695,0,0.0773,0.000473,0.00079,0.222,0.0693,146.009,4
"92690",24,157933,0.61,0.991,2,-2.547,1,0.115,0.539,3e-05,0.259,0.914,102.27,4
"23683",48,197619,0.657,0.736,8,-4.781,1,0.0966,0.0971,0.000115,0.0955,0.318,125.937,4
"3969",66,222706,0.577,0.789,2,-4.661,1,0.0427,0.00532,0.0105,0.214,0.149,97.52,3
"42569",13,117771,0.463,0.672,4,-10.284,0,0.115,0.239,0.14,0.326,0.31,130.292,4
"50259",57,313586,0.324,0.976,9,-3.84,1,0.0679,0.000157,0.000379,0.11,0.593,124.236,4
"72809",51,204560,0.597,0.95,9,-2.557,1,0.0511,0.00169,0,0.111,0.448,112.06,4
"38693",26,173893,0.541,0.842,0,-3.479,1,0.0436,0.145,3.05e-05,0.135,0.747,120.987,4
"6417",18,297046,0.0731,0.962,5,-4.567,1,0.128,4.6e-06,0.00564,0.17,0.0722,178.633,3
"3475",0,177345,0.529,0.818,6,-6.622,1,0.04,6.5e-05,0,0.354,0.684,148.173,4
"45402",28,207180,0.49,0.158,2,-16.259,1,0.0484,0.987,0.783,0.0856,0.173,105.394,4
"37392",0,186546,0.758,0.579,8,-4.336,1,0.0358,0.649,0.000301,0.0655,0.781,113.446,4
"14943",0,84000,0.717,0.673,5,-4.645,1,0.251,0.801,0.0161,0.0214,0.963,60.799,4
"51930",0,172342,0.795,0.565,3,-4.457,0,0.0948,0.131,0,0.0802,0.55,87.925,4
"78775",25,241600,0.756,0.521,0,-7.301,1,0.031,0.27,4.15e-05,0.0655,0.8,105.03,4
"76692",21,347000,0.367,0.349,1,-15.256,1,0.0532,0.872,0.74,0.1,0.244,127.044,3
"97280",50,210044,0.419,0.693,4,-3.522,1,0.0504,0.72,0,0.431,0.69,65.116,4
"103594",0,165586,0.236,0.555,0,-7.383,1,0.031,0.0392,0,0.213,0.325,80.718,3
"109175",40,565125,0.732,0.655,11,-9.06,0,0.0399,0.00824,0.716,0.0903,0.157,127.016,4
"56110",56,142201,0.453,0.643,1,-9.842,1,0.0913,0.0855,0.000621,0.0891,0.318,91.992,4
"12427",22,207786,0.476,0.752,0,-6.244,1,0.043,0.385,0,0.135,0.685,173.888,4
"29173",59,271749,0.55,0.858,6,-2.58,1,0.0357,0.041,0.199,0.0562,0.577,145.169,4
"51190",4,224800,0.805,0.878,7,-3.826,1,0.0864,0.0754,0.00329,0.0656,0.922,124.994,4
"81717",1,242096,0.586,0.616,5,-7.964,1,0.0324,0.182,0,0.0927,0.719,148.088,4
"90658",64,178840,0.598,0.564,0,-6.454,1,0.032,0.216,0.000204,0.277,0.43,147.619,4
"34330",41,279379,0.825,0.745,7,-6.856,0,0.0867,0.209,4.17e-06,0.111,0.942,124.092,4
"11785",59,149240,0.521,0.524,0,-6.136,1,0.0302,0.42,9.27e-06,0.0838,0.711,136.679,4
"85791",36,138320,0.366,0.963,2,-3.967,1,0.0685,0.000251,8.37e-05,0.244,0.749,175.905,4
"7529",26,230986,0.422,0.772,7,-5.386,1,0.0307,0.000496,0,0.338,0.653,152.819,4
"35190",44,168751,0.631,0.935,10,-3.442,0,0.0782,0.161,6.89e-05,0.254,0.825,92.507,4
"9537",46,239013,0.554,0.722,4,-6.473,1,0.0325,0.00263,0,0.745,0.278,125.063,4
"16403",34,288510,0.306,0.387,0,-12.526,1,0.0357,0.561,0,0.107,0.295,122.587,5
"62699",39,245673,0.705,0.755,1,-4.727,0,0.0656,0.346,0,0.064,0.887,103.92,4
"34377",65,201195,0.644,0.501,1,-9.374,0,0.0302,0.664,0.164,0.124,0.158,103.988,4
"83236",42,262130,0.588,0.914,9,-8.494,0,0.0532,0.00358,0.00777,0.307,0.0991,129.97,4
"51102",89,240693,0.647,0.514,8,-10.05,1,0.0593,0.0655,0,0.398,0.386,79.975,4
"21614",37,99713,0.777,0.553,4,-7.918,0,0.261,0.554,0.0742,0.0629,0.733,174.042,4
"12207",33,159902,0.609,0.251,9,-15.696,1,0.0316,0.85,0.0371,0.0947,0.304,85,3
"67233",0,187115,0.602,0.811,0,-3.128,1,0.0362,0.0766,0,0.273,0.807,159.829,4
"38966",26,110462,0.348,0.21,1,-11.837,1,0.033,0.018,0.48,0.136,0.218,76.13,4
"36217",59,169032,0.507,0.505,1,-9.919,0,0.0431,0.607,0.00209,0.118,0.228,93.378,4
"87133",52,169691,0.806,0.366,7,-8.779,1,0.0833,0.432,0,0.13,0.983,113.583,4
"64706",57,208893,0.448,0.0588,1,-27.582,1,0.0328,0.625,0.952,0.132,0.418,95.997,4
"32185",55,182386,0.781,0.854,11,-7.411,0,0.311,0.0159,0.0493,0.15,0.493,100.043,4
"58268",60,152626,0.586,0.889,11,-4.331,0,0.0488,1.35e-05,0.607,0.0715,0.837,140.535,4
"25491",33,195006,0.812,0.999,2,-2.313,1,0.165,0.181,0,0.641,0.948,138.007,4
"23641",54,171428,0.836,0.831,6,-3.016,1,0.0488,0.02,0.00116,0.0941,0.83,126.047,4
"16528",65,166866,0.136,0.164,4,-18.756,0,0.0364,0.911,0.916,0.109,0.071,58.303,4
"15901",35,209266,0.655,0.364,5,-12.275,0,0.0826,0.2,0.00126,0.108,0.179,97.295,4
"53862",75,194840,0.778,0.463,11,-7.603,1,0.0389,0.546,0.00289,0.0731,0.496,121.999,4
"108588",19,187360,0.827,0.215,2,-11.353,1,0.0651,0.887,0.00037,0.055,0.85,123.942,4
"38510",54,114211,0.539,0.621,3,-7.281,1,0.0259,0.834,0.922,0.256,0.696,106.14,4
"69418",28,275840,0.745,0.795,1,-10.724,1,0.0664,0.0741,6.42e-06,0.353,0.78,129.997,4
"75886",20,159626,0.194,0.0221,11,-26.963,1,0.0369,0.986,0.972,0.0928,0.105,100.919,4
"19359",0,169440,0.472,0.701,2,-4.563,1,0.0369,0.0387,0,0.107,0.515,79.805,4
"85445",40,244600,0.453,0.522,0,-7.178,1,0.034,0.258,0,0.375,0.242,107.018,4
"59826",0,201000,0.41,0.85,9,-6.209,0,0.0442,0.423,0.487,0.099,0.329,79.961,4
"46930",16,206000,0.366,0.774,8,-3.103,1,0.0488,0.0153,0.000643,0.219,0.12,170.055,4
"103584",0,179266,0.374,0.344,8,-10.95,1,0.0272,0.586,9.84e-06,0.144,0.304,75.683,3
"105705",23,93203,0.785,0.187,1,-15.433,1,0.0713,0.942,0.948,0.109,0.516,144.292,4
"15917",33,186206,0.689,0.309,8,-13.003,1,0.0304,0.739,1.23e-05,0.115,0.277,116.04,4
"55108",63,230204,0.663,0.412,5,-8.195,0,0.364,0.00434,0.019,0.215,0.356,98.023,4
"16077",0,301333,0.169,0.049,2,-23.409,1,0.0385,0.956,0.017,0.15,0.0799,136.065,4
"109176",56,600121,0.799,0.484,2,-10.484,0,0.0409,0.564,0.93,0.0863,0.136,128.006,4
"91218",2,223973,0.344,0.931,1,-3.759,1,0.0783,0.00104,0,0.0903,0.251,148.104,4
"70894",24,161014,0.763,0.704,10,-5.148,1,0.118,0.0907,0,0.148,0.359,131.871,4
"20835",0,185194,0.827,0.757,6,-2.985,0,0.0564,0.283,1.56e-06,0.102,0.374,95.983,4
"65956",43,246000,0.415,0.56,9,-6.385,0,0.0327,0.366,0,0.319,0.365,109.303,4
"104586",61,209614,0.581,0.839,4,-5.968,1,0.0517,0.121,1.95e-06,0.102,0.413,146.928,4
"15307",58,154456,0.732,0.413,9,-6.353,1,0.0702,0.287,0,0.0565,0.761,92.066,4
"84612",29,177535,0.589,0.763,2,-6.565,1,0.0367,0.158,0,0.143,0.903,115.111,4
"69081",46,204923,0.756,0.607,11,-11.213,1,0.048,0.173,1.43e-05,0.0902,0.835,129.986,4
"74949",39,217560,0.445,0.402,0,-10.781,1,0.0283,0.709,2.11e-06,0.108,0.231,129.944,4
"94954",58,144040,0.531,0.487,2,-10.321,0,0.22,0.911,0.00201,0.222,0.749,75.487,4
"24261",10,457386,0.705,0.851,8,-8.907,1,0.0896,0.00958,0.393,0.106,0.454,124.983,4
"96990",0,259773,0.378,0.201,7,-13.472,1,0.039,0.939,0.927,0.562,0.0775,94.768,3
"14099",0,179533,0.761,0.475,0,-9.954,1,0.0304,0.297,0.000256,0.275,0.828,95.03,4
"70658",46,266382,0.507,0.501,0,-9.475,1,0.0287,0.282,2.23e-05,0.0947,0.134,137.975,4
"90448",33,161173,0.402,0.422,4,-8.605,1,0.0294,0.795,0,0.0874,0.551,109.856,3
"38470",57,162040,0.472,0.746,11,-4.816,1,0.0321,0.00581,0.663,0.0999,0.403,97.44,4
"109470",53,197647,0.555,0.954,5,-1.064,1,0.0849,0.000597,0.276,0.0292,0.4,169.956,4
"72403",56,261346,0.514,0.53,7,-7.743,0,0.0315,0.0908,0.0493,0.117,0.13,90.005,4
"92646",25,253106,0.589,0.81,4,-4.307,1,0.0307,0.0779,5.46e-06,0.0378,0.793,136.263,4
"81148",71,147579,0.605,0.371,1,-10.487,0,0.0431,0.396,0,0.147,0.496,149.566,4
"56749",0,159293,0.804,0.323,0,-11.127,0,0.305,0.308,0,0.15,0.456,87.019,4
"41146",32,286120,0.207,0.756,0,-3.96,1,0.0456,0.000744,0,0.0819,0.408,139.656,4
"65002",78,168227,0.826,0.553,1,-10.121,0,0.234,0.163,4.12e-05,0.135,0.4,140.037,4
"33806",24,270000,0.521,0.827,10,-7.225,0,0.0514,0.0412,0.0235,0.0999,0.411,101.99,4
"69874",30,194175,0.681,0.54,5,-8.691,0,0.0591,0.792,0.00292,0.113,0.207,90.935,4
"16315",39,1798933,0.683,0.264,5,-9.791,1,0.336,0.899,0,0.141,0.549,101.052,4
"8934",65,164653,0.651,0.653,0,-9.731,1,0.0545,0.365,0.000117,0.0742,0.729,164.912,4
"34971",68,229436,0.646,0.863,0,-2.046,0,0.0367,0.00203,0,0.0686,0.459,120.08,4
"73663",31,456582,0.653,0.663,2,-10.157,1,0.0773,0.00186,0.885,0.648,0.227,124.007,4
"77975",41,227000,0.642,0.532,2,-9.034,1,0.0402,0.487,0,0.391,0.749,79.979,4
"39203",66,148933,0.448,0.336,2,-13.124,1,0.0322,0.00145,0.838,0.0661,0.0364,107.351,4
"27339",19,289957,0.467,0.799,2,-7.711,0,0.0471,0.00119,0.421,0.144,0.152,174.033,4
"13434",10,265333,0.812,0.619,10,-8.411,0,0.15,0.00253,0.104,0.0449,0.59,123.069,4
"103728",0,155706,0.803,0.338,6,-14.029,1,0.0349,0.196,0.0367,0.097,0.912,106.84,4
"49202",41,236800,0.489,0.915,10,-2.248,0,0.084,0.0663,0.000257,0.0767,0.23,149.96,4
"64938",0,125960,0.558,0.341,9,-8.722,0,0.0452,0.727,0,0.0601,0.638,138.656,3
"109754",36,393448,0.712,0.672,11,-9.309,1,0.0538,0.111,0.883,0.0864,0.122,121.989,4
"97056",54,183651,0.655,0.489,2,-5.375,1,0.0592,0.726,0,0.865,0.531,151.978,4
"100088",45,151484,0.647,0.813,9,-5.076,1,0.0758,0.135,0,0.173,0.826,153.994,4
"4502",21,335600,0.48,0.551,2,-11.776,1,0.0422,0.415,0.624,0.0727,0.0954,91.973,4
"12333",45,322306,0.497,0.294,5,-13.787,1,0.0304,0.241,0,0.1,0.308,173.993,4
"16395",0,58946,0.373,0.102,7,-24.802,1,0.0525,0.995,0.867,0.196,0.325,152.04,3
"46992",16,322840,0.769,0.797,1,-8.155,1,0.038,0.00514,0.0988,0.156,0.372,128.843,4
"98301",60,302191,0.653,0.351,5,-12.776,1,0.648,0.467,0,0.107,0.307,116.6,3
"83753",30,127826,0.689,0.705,4,-5.357,1,0.0462,0.0872,0,0.124,0.27,115.231,4
"25764",55,199678,0.712,0.829,0,-5.847,1,0.0248,0.125,4.85e-06,0.0729,0.769,123.814,4
"92990",22,124598,0.714,0.958,9,-3.923,0,0.0767,0.334,0.223,0.285,0.773,103.991,4
"52405",29,131546,0.601,0.568,0,-9.323,1,0.03,0.81,0.672,0.141,0.899,106.688,3
"54284",12,260000,0.661,0.804,0,-7.654,1,0.0414,0.00297,0.912,0.115,0.0352,160.073,4
"74452",42,284466,0.796,0.545,9,-8.117,1,0.0603,0.116,0.0157,0.0812,0.62,140.013,4
"94956",50,162412,0.878,0.185,7,-16.199,0,0.0727,0.94,0.339,0.103,0.539,114.594,4
"78270",34,209382,0.668,0.947,9,-2.778,0,0.0819,0.0868,0,0.797,0.881,129.828,4
"8044",0,143093,0.699,0.726,7,-5.364,1,0.0726,0.575,0,0.655,0.877,119.185,4
"17622",44,284454,0.589,0.719,7,-8.746,0,0.0549,0.000578,0.115,0.104,0.327,110.002,4
"54",68,220239,0.447,0.393,5,-8.65,1,0.038,0.785,0,0.28,0.564,73.139,3
"105967",5,99000,0.701,0.57,3,-9.777,0,0.0602,0.602,0.871,0.0984,0.858,160.035,4
"59260",0,374000,0.181,0.351,9,-21.483,1,0.0515,0.893,0.952,0.115,0.241,112.707,4
"51883",3,60250,0.857,0.8,0,-8.476,1,0.209,0.228,0.00517,0.298,0.488,106.566,4
"59650",0,367124,0.208,0.0956,0,-21.139,1,0.0411,0.931,0.858,0.107,0.0342,95.581,3
"16200",0,449813,0.15,0.0701,2,-21.872,1,0.0456,0.91,0.852,0.077,0.0903,181.584,3
"78263",34,112727,0.772,0.551,1,-7.493,1,0.0611,0.514,0,0.217,0.911,131.996,4
"42454",12,38493,0.334,0.995,7,-3.6,1,0.224,0.000585,0.00203,0.519,0.0677,132.456,4
"75628",22,382666,0.306,0.108,11,-22.479,0,0.0322,0.938,0.938,0.436,0.154,74.092,3
"50929",20,232826,0.407,0.957,9,-1.84,1,0.0693,0.00149,2e-04,0.176,0.372,141.595,4
"11338",67,234173,0.584,0.7,6,-4.251,1,0.0506,0.512,2.43e-05,0.13,0.549,163.953,4
"112437",41,133173,0.911,0.685,4,-8.672,1,0.172,0.265,0,0.0907,0.726,99.042,3
"15436",50,162784,0.512,0.323,2,-10.225,1,0.226,0.208,0,0.0862,0.434,87.863,4
"48651",64,149725,0.8,0.832,0,-5.497,1,0.266,0.087,0,0.322,0.736,106.983,4
"20670",0,118466,0.904,0.601,2,-5.561,1,0.198,0.0305,0,0.615,0.761,87.037,4
"13082",16,470342,0.824,0.601,4,-7.681,0,0.0628,0.000353,0.019,0.0382,0.325,124.004,4
"27659",49,264827,0.418,0.917,4,-3.202,1,0.0396,0.000444,0.068,0.102,0.0655,173.964,4
"92528",27,240879,0.607,0.743,7,-5.771,1,0.0382,0.156,6.81e-05,0.389,0.615,179.989,4
"58888",20,253893,0.722,0.977,7,-8.869,1,0.0827,0.00777,0.833,0.183,0.517,124.954,4
"62482",41,201700,0.686,0.257,0,-12.066,1,0.0525,0.921,0.00462,0.116,0.399,142.128,4
"538",58,280226,0.614,0.283,0,-8.008,1,0.027,0.472,0,0.114,0.331,107.673,3
"95758",27,288560,0.8,0.722,0,-6.587,0,0.0427,0.38,4.72e-05,0.0689,0.947,94.41,4
